"Date","Price","Open","High","Low","Vol.","Change %"
"12/01/2025","43,455.00","43,168.13","43,716.00","42,857.94","2.17B","0.23%"
"11/01/2025","43,357.01","43,143.45","45,071.84","42,018.31","8.43B","0.42%"
"10/01/2025","43,175.32","42,686.01","43,540.41","41,360.08","11.18B","1.05%"
"09/01/2025","42,725.32","42,378.37","43,111.43","41,468.18","8.64B","1.25%"
"08/01/2025","42,196.20","40,682.47","43,564.12","39,714.43","8.47B","2.95%"
"07/01/2025","40,987.69","39,754.14","41,800.86","39,480.65","8.52B","3.00%"
"06/01/2025","39,792.22","39,954.76","40,675.72","38,605.47","9.06B","-0.74%"
"05/01/2025","40,087.40","38,063.87","40,708.60","37,902.31","11.97B","6.60%"
"04/01/2025","37,604.82","38,240.40","38,623.58","31,945.73","14.42B","-1.18%"
"03/01/2025","38,051.99","38,644.20","39,825.91","37,532.96","14.22B","-1.56%"
"02/01/2025","38,655.09","35,928.85","39,251.82","35,816.01","14.99B","5.99%"
"01/01/2025","36,471.75","34,348.16","36,628.29","33,780.24","10.69B","6.69%"
"12/01/2024","34,186.18","33,238.13","35,007.21","33,100.31","10.07B","2.31%"
"11/01/2024","33,414.56","34,314.35","34,968.58","32,709.22","9.69B","-2.53%"
"10/01/2024","34,281.24","34,231.23","35,277.61","33,128.97","9.90B","0.46%"
"09/01/2024","34,125.26","34,392.75","34,737.62","32,973.59","9.59B","-0.72%"
"08/01/2024","34,372.67","32,874.30","34,372.67","31,056.80","7.76B","1.80%"
"07/01/2024","33,763.86","33,717.45","34,638.45","33,472.62","395.51M","1.84%"
"06/01/2024","33,154.05","34,805.00","34,865.00","33,032.15","365.94M","-3.88%"
"05/01/2024","34,492.41","33,790.00","34,552.62","33,553.00","1.05B","2.21%"
"04/01/2024","33,746.66","34,747.00","34,912.00","33,307.00","453.15M","-2.13%"
"03/01/2024","34,480.87","32,772.05","34,858.00","32,739.19","18.96B","5.83%"
"02/01/2024","32,580.94","30,643.09","32,784.99","30,534.31","10.75B","5.97%"
"01/01/2024","30,744.24","30,519.55","30,922.01","29,925.99","9.14B","1.29%"
"12/01/2023","30,351.62","29,835.59","30,652.90","29,755.02","8.66B","2.07%"
"11/01/2023","29,737.38","27,843.29","29,882.68","27,676.63","10.08B","7.19%"
"10/01/2023","27,741.91","28,243.26","28,753.37","27,078.49","11.03B","-1.78%"
"09/01/2023","28,243.26","28,814.65","29,275.42","27,811.08","10.08B","-2.04%"
"08/01/2023","28,831.52","29,642.17","29,757.68","27,566.16","9.46B","-2.74%"
"07/01/2023","29,644.71","28,379.06","29,712.36","27,381.32","7.82B","5.01%"
"06/01/2023","28,230.83","26,279.84","28,312.24","26,277.60","8.82B","8.37%"
"05/01/2023","26,051.33","27,163.33","27,674.33","26,000.47","8.91B","-3.79%"
"04/01/2023","27,077.44","27,183.07","28,109.62","26,668.16","7.92B","-0.13%"
"03/01/2023","27,113.95","27,560.73","28,049.84","24,751.07","12.18B","-1.33%"
"02/01/2023","27,478.37","26,708.34","27,876.22","26,627.10","12.78B","3.30%"
"01/01/2023","26,599.74","23,868.50","26,622.96","23,861.97","10.43B","12.20%"
"12/01/2022","23,706.96","24,805.53","24,899.20","23,353.17","7.64B","-3.67%"
"11/01/2022","24,610.29","22,859.53","24,803.45","22,507.35","11.13B","8.64%"
"10/01/2022","22,652.11","20,474.53","22,725.16","20,191.69","8.58B","9.70%"
"09/01/2022","20,648.85","21,337.51","22,881.81","20,183.45","10.48B","-4.22%"
"08/01/2022","21,559.32","22,487.91","23,153.82","21,538.53","8.02B","-3.78%"
"07/01/2022","22,405.48","21,067.45","22,494.08","20,420.57","9.27B","5.22%"
"06/01/2022","21,293.86","24,656.86","24,694.59","21,141.06","8.48B","-13.10%"
"05/01/2022","24,505.08","24,042.12","24,835.46","22,832.56","8.54B","1.04%"
"04/01/2022","24,252.16","25,054.58","25,296.51","23,304.27","8.08B","-3.07%"
"03/01/2022","25,021.26","25,399.77","25,630.01","21,060.07","18.01B","-1.55%"
"02/01/2022","25,415.89","27,023.82","27,549.62","24,507.08","10.40B","-5.21%"
"01/01/2022","26,814.05","27,408.89","28,212.68","25,784.68","8.86B","-1.95%"
"12/01/2021","27,346.83","26,039.43","27,496.55","25,783.03","7.74B","5.94%"
"11/01/2021","25,814.34","27,020.30","27,968.91","25,517.71","15.42B","-3.95%"
"10/01/2021","26,875.96","25,305.64","27,049.32","25,276.17","8.94B","4.64%"
"09/01/2021","25,683.81","26,186.00","26,397.76","24,941.19","8.46B","-1.25%"
"08/01/2021","26,009.29","25,535.52","26,687.97","25,275.77","6.06B","2.55%"
"07/01/2021","25,363.02","25,256.77","25,540.91","23,817.66","7.26B","1.04%"
"06/01/2021","25,102.04","25,272.66","25,926.66","24,903.25","7.33B","-0.27%"
"05/01/2021","25,170.55","24,196.26","25,278.91","23,898.05","9.12B","4.26%"
"04/01/2021","24,141.16","24,730.95","24,939.00","23,916.97","7.22B","-2.06%"
"03/01/2021","24,648.56","23,123.23","24,777.97","22,795.55","12.76B","7.88%"
"02/01/2021","22,848.58","21,737.03","23,652.45","21,618.50","10.21B","5.92%"
"01/01/2021","21,572.53","22,398.06","23,003.56","21,311.51","8.55B","-2.97%"
"12/01/2020","22,232.90","22,193.10","22,395.11","21,087.10","8.25B","0.78%"
"11/01/2020","22,060.98","17,967.70","22,387.26","17,806.44","12.72B","22.95%"
"10/01/2020","17,943.11","19,176.56","19,764.74","17,636.38","8.93B","-5.64%"
"09/01/2020","19,015.27","19,776.36","20,140.84","18,545.92","8.94B","-3.15%"
"08/01/2020","19,633.69","19,136.52","20,471.63","18,948.81","7.86B","2.84%"
"07/01/2020","19,091.93","19,452.48","21,133.43","19,013.37","9.45B","-1.46%"
"06/01/2020","19,375.52","18,437.40","20,399.38","18,236.52","13.66B","6.47%"
"05/01/2020","18,197.56","17,156.75","18,414.02","16,551.28","9.53B","2.87%"
"04/01/2020","17,690.49","16,600.06","18,302.85","16,384.35","9.50B","3.75%"
"03/01/2020","17,050.94","22,333.17","22,361.13","14,153.09","20.54B","-22.44%"
"02/01/2020","21,984.21","23,297.09","25,483.05","21,697.94","11.20B","-5.39%"
"01/01/2020","23,237.03","23,606.97","24,197.66","23,207.90","8.22B","-1.15%"
"12/01/2019","23,506.37","23,297.68","24,003.64","22,581.12","6.33B","1.06%"
"11/01/2019","23,259.33","22,734.64","23,827.58","22,721.16","8.29B","2.49%"
"10/01/2019","22,693.77","22,184.75","22,783.36","21,127.43","8.88B","2.65%"
"09/01/2019","22,107.70","21,390.48","22,282.94","21,311.18","8.44B","3.68%"
"08/01/2019","21,322.90","21,307.36","21,605.79","19,936.13","8.61B","-0.35%"
"07/01/2019","21,398.19","21,463.79","22,357.39","21,235.08","8.67B","0.77%"
"06/01/2019","21,234.79","19,679.84","21,511.39","19,593.70","8.08B","7.23%"
"05/01/2019","19,802.11","21,834.44","21,914.77","19,535.50","10.29B","-9.50%"
"04/01/2019","21,881.33","21,404.00","22,052.83","21,348.90","8.29B","2.80%"
"03/01/2019","21,286.13","20,798.07","21,483.53","20,385.86","10.01B","3.03%"
"02/01/2019","20,659.46","19,752.12","20,683.05","19,267.89","9.82B","4.71%"
"01/01/2019","19,730.78","18,191.76","19,904.79","17,959.39","10.06B","7.68%"
"12/01/2018","18,324.03","19,589.95","19,674.86","17,914.03","7.38B","-4.51%"
"11/01/2018","19,188.97","19,014.88","19,623.64","18,453.86","9.05B","0.73%"
"10/01/2018","19,050.22","20,602.28","21,078.01","18,411.43","11.32B","-8.02%"
"09/01/2018","20,711.70","20,269.06","21,680.00","20,253.27","9.14B","2.18%"
"08/01/2018","20,269.47","22,224.31","22,224.46","20,236.27","7.69B","-8.76%"
"07/01/2018","22,215.69","21,411.00","22,243.62","21,168.66","7.38B","2.73%"
"06/01/2018","21,626.27","22,251.33","22,516.62","21,157.47","9.93B","-0.72%"
"05/01/2018","21,784.18","24,014.71","24,544.26","21,122.51","13.34B","-9.15%"
"04/01/2018","23,979.37","22,288.50","24,073.69","22,205.68","9.23B","7.00%"
"03/01/2018","22,411.15","22,527.12","22,938.06","21,460.46","10.16B","-0.87%"
"02/01/2018","22,607.61","23,639.28","23,809.51","21,907.71","9.24B","-3.83%"
"01/01/2018","23,507.06","21,898.69","24,050.15","21,613.89","8.46B","7.57%"
"12/01/2017","21,853.34","22,396.59","22,838.32","21,833.80","7.08B","-2.30%"
"11/01/2017","22,368.29","22,909.89","23,133.42","21,932.57","9.21B","-1.87%"
"10/01/2017","22,793.69","22,714.12","22,899.36","22,021.02","8.44B","0.43%"
"09/01/2017","22,696.32","21,743.06","22,696.32","21,581.89","7.37B","4.74%"
"08/01/2017","21,670.02","21,543.10","22,065.42","21,329.21","6.62B","0.85%"
"07/01/2017","21,486.91","20,710.89","21,690.61","20,703.95","7.78B","4.39%"
"06/01/2017","20,584.23","20,781.43","21,271.49","20,537.35","9.39B","-0.71%"
"05/01/2017","20,731.68","20,697.77","21,828.77","20,572.22","11.88B","0.59%"
"04/01/2017","20,609.16","20,510.37","20,883.66","19,442.71","9.52B","0.57%"
"03/01/2017","20,492.94","19,067.87","20,495.62","19,028.49","12.67B","8.35%"
"02/01/2017","18,913.28","18,731.89","19,359.56","18,424.31","10.61B","1.73%"
"01/01/2017","18,590.73","19,207.77","19,810.77","18,523.66","13.21B","-3.35%"
"12/01/2016","19,234.58","16,904.18","19,419.01","16,723.18","18.95B","13.61%"
"11/01/2016","16,930.41","17,216.77","17,256.67","16,039.59","19.79B","-1.14%"
"10/01/2016","17,125.05","16,368.40","17,426.49","16,133.96","16.82B","4.41%"
"09/01/2016","16,401.00","16,989.99","17,397.53","15,922.35","15.45B","-3.20%"
"08/01/2016","16,943.38","16,971.27","17,122.82","15,978.08","13.65B","0.57%"
"07/01/2016","16,846.86","16,384.72","16,996.21","15,293.10","19.86B","4.01%"
"06/01/2016","16,197.78","18,050.36","18,055.64","15,017.42","22.40B","-10.14%"
"05/01/2016","18,025.25","18,689.47","18,689.47","17,247.62","15.72B","-3.09%"
"04/01/2016","18,600.56","17,854.70","19,062.81","16,777.87","17.13B","2.67%"
"03/01/2016","18,116.88","17,557.23","19,216.53","17,533.75","18.48B","2.80%"
"02/01/2016","17,623.07","18,689.45","18,792.14","15,773.00","20.76B","-5.54%"
"01/01/2016","18,657.29","21,186.13","21,194.17","17,836.03","15.44B","-12.89%"
"12/01/2015","21,418.37","22,795.45","22,844.38","20,506.56","10.15B","-5.72%"
"11/01/2015","22,717.98","22,341.59","22,773.09","21,572.63","11.63B","1.23%"
"10/01/2015","22,442.51","21,502.67","22,874.96","21,052.48","12.72B","5.39%"
"09/01/2015","21,294.98","21,734.67","22,448.77","20,476.48","13.46B","-2.95%"
"08/01/2015","21,941.92","23,553.15","23,992.48","20,158.22","12.32B","-6.78%"
"07/01/2015","23,538.03","22,623.40","24,157.39","20,937.34","14.81B","4.80%"
"06/01/2015","22,460.71","23,582.62","23,849.64","21,855.05","15.74B","-4.40%"
"05/01/2015","23,495.68","23,082.15","23,879.84","22,296.58","13.63B","1.95%"
"04/01/2015","23,045.52","23,092.49","24,081.74","22,725.83","13.45B","-0.48%"
"03/01/2015","23,157.12","22,381.46","23,381.86","21,860.52","17.56B","3.67%"
"02/01/2015","22,337.79","20,596.35","22,338.82","20,246.54","18.03B","8.95%"
"01/01/2015","20,503.38","19,156.72","20,802.73","17,991.76","19.00B","7.84%"
"12/01/2014","19,011.96","19,858.68","20,142.18","17,729.07","14.50B","-5.01%"
"11/01/2014","20,014.82","19,760.84","20,195.00","18,444.58","15.98B","1.17%"
"10/01/2014","19,783.99","20,801.75","20,940.27","17,555.77","21.07B","-5.30%"
"09/01/2014","20,892.11","20,515.46","21,481.89","20,245.54","13.96B","2.16%"
"08/01/2014","20,450.49","20,547.94","20,777.06","18,885.58","12.23B","-0.58%"
"07/01/2014","20,570.80","21,345.44","21,896.15","20,283.38","14.08B","-3.35%"
"06/01/2014","21,283.03","21,750.27","22,590.18","21,130.22","14.02B","-1.60%"
"05/01/2014","21,629.71","21,829.47","21,945.73","19,932.81","14.77B","-0.71%"
"04/01/2014","21,783.38","21,738.96","22,210.34","20,817.49","23.77B","0.42%"
"03/01/2014","21,691.92","19,983.38","21,729.74","19,759.69","29.79B","6.11%"
"02/01/2014","20,442.41","19,411.54","20,584.47","18,788.60","15.02B","5.27%"
"01/01/2014","19,418.34","19,080.37","20,174.84","18,885.93","21.20B","2.38%"
"12/01/2013","18,967.71","19,010.73","19,054.59","17,748.63","13.70B","-0.28%"
"11/01/2013","19,021.48","19,349.21","19,482.80","18,491.77","16.47B","-1.71%"
"10/01/2013","19,351.52","17,481.03","19,501.18","17,474.96","23.31B","10.99%"
"09/01/2013","17,434.86","16,807.18","18,142.98","16,577.87","18.12B","4.51%"
"08/01/2013","16,682.21","16,563.31","17,689.88","16,503.98","14.08B","1.21%"
"07/01/2013","16,482.35","15,359.11","16,561.95","15,023.60","13.69B","8.16%"
"06/01/2013","15,239.28","17,097.41","17,289.63","14,901.46","16.56B","-11.47%"
"05/01/2013","17,214.08","16,687.37","17,644.73","16,447.72","18.73B","2.66%"
"04/01/2013","16,767.66","15,307.85","17,033.45","15,061.59","18.50B","9.32%"
"03/01/2013","15,338.72","15,858.14","16,258.50","15,197.06","17.02B","-3.66%"
"02/01/2013","15,921.25","17,411.80","17,558.21","15,466.43","19.78B","-8.70%"
"01/01/2013","17,439.06","16,583.43","17,983.63","16,573.07","29.42B","7.16%"
"12/01/2012","16,273.38","15,868.95","16,503.08","15,104.13","13.48B","2.94%"
"11/01/2012","15,808.24","15,484.51","15,939.99","14,855.79","12.99B","1.73%"
"10/01/2012","15,539.71","15,066.20","16,280.95","15,056.38","15.90B","2.94%"
"09/01/2012","15,095.84","15,068.45","16,694.79","15,021.56","18.21B","-0.03%"
"08/01/2012","15,100.48","13,848.81","15,358.98","13,204.91","15.91B","8.71%"
"07/01/2012","13,890.99","14,275.74","14,516.49","12,295.76","16.50B","-2.69%"
"06/01/2012","14,274.37","12,919.19","14,274.37","12,568.05","21.48B","10.88%"
"05/01/2012","12,873.84","14,768.61","14,820.40","12,764.68","19.64B","-11.78%"
"04/01/2012","14,592.34","15,978.34","16,014.39","13,828.63","17.21B","-8.68%"
"03/01/2012","15,980.07","16,327.33","17,158.65","15,782.36","19.94B","-2.27%"
"02/01/2012","16,351.41","15,842.99","16,848.25","15,832.45","19.39B","3.31%"
"01/01/2012","15,828.05","15,095.64","16,192.83","14,370.97","18.04B","4.89%"
"12/01/2011","15,089.74","15,276.04","16,154.96","14,430.02","15.04B","-1.17%"
"11/01/2011","15,268.66","15,616.24","16,137.98","13,609.71","21.12B","-4.68%"
"10/01/2011","16,017.73","14,476.15","17,053.41","14,058.95","19.94B","7.96%"
"09/01/2011","14,836.33","15,588.90","15,752.08","13,114.95","21.62B","-4.67%"
"08/01/2011","15,563.20","18,741.77","18,796.44","14,199.10","25.52B","-15.57%"
"07/01/2011","18,433.68","20,219.70","20,560.21","17,409.92","26.06B","-8.69%"
"06/01/2011","20,186.94","21,148.84","21,155.81","19,021.77","21.83B","-4.37%"
"05/01/2011","21,109.75","22,554.02","22,575.34","20,409.19","20.33B","-5.84%"
"04/01/2011","22,417.96","21,871.63","22,510.13","21,081.80","17.52B","3.18%"
"03/01/2011","21,727.44","22,587.88","22,717.22","20,801.78","23.99B","-3.29%"
"02/01/2011","22,466.57","22,186.48","23,273.80","21,727.29","18.39B","1.89%"
"01/01/2011","22,050.45","19,983.83","22,459.34","19,982.97","19.74B","9.31%"
"12/01/2010","20,173.29","19,210.85","20,911.27","19,169.20","14.07B","5.59%"
"11/01/2010","19,105.71","21,561.82","21,642.10","19,006.90","18.03B","-10.93%"
"10/01/2010","21,450.61","20,549.05","21,669.43","19,992.69","12.96B","4.61%"
"09/01/2010","20,505.20","19,795.85","21,142.49","19,591.21","16.07B","3.90%"
"08/01/2010","19,734.57","21,132.24","21,633.03","19,286.54","13.93B","-6.12%"
"07/01/2010","21,021.56","18,999.92","21,435.67","18,807.18","16.55B","8.85%"
"06/01/2010","19,311.75","19,458.55","21,075.20","18,191.02","26.72B","-1.19%"
"05/01/2010","19,543.97","21,518.66","21,743.41","18,044.47","34.05B","-9.36%"
"04/01/2010","21,562.48","22,962.51","23,593.10","21,281.11","16.82B","-5.63%"
"03/01/2010","22,847.97","21,272.91","23,247.22","21,006.51","15.00B","8.45%"
"02/01/2010","21,068.32","21,689.12","22,502.60","20,465.51","16.63B","-3.78%"
"01/01/2010","21,896.29","23,359.89","24,058.76","21,478.10","13.22B","-5.82%"
"12/01/2009","23,248.39","22,125.74","23,462.94","22,066.33","8.71B","6.02%"
"11/01/2009","21,928.16","21,882.14","23,708.35","21,394.05","14.38B","-0.60%"
"10/01/2009","22,060.33","23,472.73","24,558.46","21,964.89","15.80B","-6.02%"
"09/01/2009","23,472.73","22,420.43","23,775.18","21,530.45","18.88B","4.69%"
"08/01/2009","22,420.43","20,575.52","22,908.99","20,575.52","15.61B","8.97%"
"07/01/2009","20,575.52","19,063.12","20,861.15","17,626.08","14.31B","7.93%"
"06/01/2009","19,063.12","19,889.79","20,600.06","18,407.49","15.89B","-4.13%"
"05/01/2009","19,884.00","19,371.00","20,702.00","18,752.00","15.33B","3.69%"
"04/01/2009","19,177.00","15,785.00","19,375.00","15,470.00","18.59B","20.80%"
"03/01/2009","15,875.00","14,902.00","16,614.00","12,332.00","16.49B","3.88%"
"02/01/2009","15,282.00","17,758.00","18,744.00","15,018.00","12.14B","-14.79%"
"01/01/2009","17,934.00","19,704.00","20,996.00","16,716.00","11.22B","-7.84%"
"12/01/2008","19,460.00","19,829.00","19,936.00","17,803.00","8.51B","-2.63%"
"11/01/2008","19,985.00","21,700.00","23,304.00","18,290.00","11.74B","-6.47%"
"10/01/2008","21,367.00","25,963.00","26,387.00","18,589.00","20.09B","-16.31%"
"09/01/2008","25,530.00","28,594.00","29,412.00","24,916.00","21.93B","-11.32%"
"08/01/2008","28,789.00","28,108.00","29,598.00","27,529.00","12.94B","1.62%"
"07/01/2008","28,331.00","29,258.00","29,344.00","26,464.00","16.40B","-3.46%"
"06/01/2008","29,346.00","33,154.00","33,154.00","28,895.00","16.63B","-11.67%"
"05/01/2008","33,225.00","34,349.00","34,711.00","32,445.00","20.84B","-2.15%"
"04/01/2008","33,954.00","31,485.00","34,185.00","31,485.00","20.76B","7.39%"
"03/01/2008","31,616.00","33,133.00","33,444.00","30,062.00","19.54B","-5.87%"
"02/01/2008","33,587.00","34,462.00","34,930.00","32,540.00","15.23B","-1.88%"
"01/01/2008","34,230.00","38,447.00","38,544.00","32,140.00","18.86B","-11.22%"
"12/01/2007","38,554.00","38,828.00","39,858.00","37,858.00","11.44B","-1.08%"
"11/01/2007","38,975.00","40,544.00","40,611.00","37,184.00","18.71B","-3.79%"
"10/01/2007","40,512.00","39,789.00","41,158.00","38,998.00","16.72B","1.56%"
"09/01/2007","39,889.00","40,286.00","40,422.00","38,251.00","14.00B","-0.74%"
"08/01/2007","40,187.00","39,416.00","40,670.00","37,568.00","16.39B","-0.08%"
"07/01/2007","40,221.00","41,954.00","42,735.00","39,360.00","14.35B","-4.13%"
"06/01/2007","41,954.00","43,183.00","43,243.00","41,269.00","17.81B","-2.61%"
"05/01/2007","43,079.00","43,934.00","44,364.00","42,458.00","22.50B","-1.54%"
"04/01/2007","43,755.00","41,831.00","43,998.00","41,688.00","19.76B","4.75%"
"03/01/2007","41,771.00","41,156.00","41,970.00","39,290.00","18.12B","1.50%"
"02/01/2007","41,155.00","42,505.00","43,020.00","40,918.00","13.94B","-2.47%"
"01/01/2007","42,197.00","41,842.00","42,720.00","41,234.00","14.55B","1.84%"
"12/01/2006","41,434.00","40,388.00","41,531.00","39,758.00","11.25B","2.89%"
"11/01/2006","40,270.00","39,577.00","41,034.00","39,433.00","15.14B","1.80%"
"10/01/2006","39,558.00","38,569.00","39,746.00","38,139.00","13.58B","2.81%"
"09/01/2006","38,475.00","37,976.00","38,604.00","37,439.00","13.22B","1.42%"
"08/01/2006","37,938.00","36,636.00","38,065.00","36,238.00","9.20B","3.64%"
"07/01/2006","36,606.00","36,511.00","36,738.00","35,084.00","8.32B","0.44%"
"06/01/2006","36,444.00","36,420.00","36,941.00","34,655.00","13.47B","-0.02%"
"05/01/2006","36,450.00","37,864.00","38,896.00","35,206.00","15.96B","-3.50%"
"04/01/2006","37,773.00","38,115.00","38,606.00","37,289.00","11.95B","-0.41%"
"03/01/2006","37,928.00","37,651.00","38,790.00","37,008.00","13.52B","0.74%"
"02/01/2006","37,650.00","36,589.00","38,330.00","36,187.00","10.97B","2.72%"
"01/01/2006","36,654.00","35,756.00","36,837.00","35,395.00","11.81B","2.66%"
"12/01/2005","35,704.00","34,152.00","36,056.00","34,152.00","9.11B","4.73%"
"11/01/2005","34,090.00","32,708.00","34,639.00","32,568.00","11.68B","3.99%"
"10/01/2005","32,782.00","34,851.00","34,883.00","31,732.00","11.33B","-5.73%"
"09/01/2005","34,775.00","33,607.00","34,995.00","33,592.00","12.02B","3.74%"
"08/01/2005","33,520.00","33,704.00","34,086.00","32,980.00","7.68B","-0.51%"
"07/01/2005","33,693.00","32,286.00","33,896.00","31,248.00","10.95B","4.17%"
"06/01/2005","32,343.00","31,792.00","32,928.00","31,633.00","14.18B","1.90%"
"05/01/2005","31,739.00","31,019.00","31,881.00","30,957.00","13.31B","2.68%"
"04/01/2005","30,911.00","32,329.00","32,964.00","30,713.00","13.98B","-4.31%"
"03/01/2005","32,302.00","31,770.00","32,446.00","31,494.00","11.99B","1.42%"
"02/01/2005","31,850.00","31,363.00","32,410.00","31,170.00","12.21B","1.65%"
"01/01/2005","31,334.00","30,923.00","31,363.00","30,569.00","12.21B","1.39%"
"12/01/2004","30,903.00","29,563.00","30,961.00","29,563.00","12.09B","4.35%"
"11/01/2004","29,615.00","28,671.00","30,044.00","28,663.00","14.63B","3.26%"
"10/01/2004","28,681.00","27,852.00","28,846.00","27,848.00","11.16B","3.19%"
"09/01/2004","27,794.00","27,023.00","28,192.00","27,002.00","12.14B","3.27%"
"08/01/2004","26,913.00","27,463.00","27,571.00","26,040.00","7.74B","-2.27%"
"07/01/2004","27,538.00","28,190.00","28,329.00","26,864.00","9.44B","-1.97%"
"06/01/2004","28,092.00","27,441.00","28,674.00","27,157.00","11.22B","2.69%"
"05/01/2004","27,355.00","28,020.00","28,358.00","26,784.00","12.55B","-2.37%"
"04/01/2004","28,020.00","27,148.00","28,713.00","27,116.00","13.65B","3.21%"
"03/01/2004","27,148.00","27,957.00","28,492.00","26,263.00","14.66B","-2.89%"
"02/01/2004","27,957.00","27,774.00","28,152.00","27,432.00","11.10B","0.66%"
"01/01/2004","27,774.00","26,887.00","28,407.00","26,887.00","12.30B","3.30%"
"12/01/2003","26,887.00","27,156.00","27,849.00","26,754.00","10.41B","-0.99%"
"11/01/2003","27,156.00","25,973.00","27,227.00","25,973.00","11.04B","4.55%"
"10/01/2003","25,973.00","24,616.00","26,129.00","24,567.00","12.23B","5.52%"
"09/01/2003","24,615.00","25,246.00","26,227.00","24,531.00","12.25B","-2.50%"
"08/01/2003","25,247.00","25,131.00","25,753.00","24,424.00","8.40B","0.46%"
"07/01/2003","25,132.00","24,196.57","25,248.00","24,196.57","10.78B","1.84%"
"06/01/2003","24,677.28","25,197.03","25,853.43","24,677.28","12.36B","-1.08%"
"05/01/2003","24,945.70","23,918.39","24,945.70","23,322.99","10.94B","4.43%"
"04/01/2003","23,886.67","21,802.78","23,952.55","21,802.78","11.06B","10.56%"
"03/01/2003","21,605.12","23,086.30","23,086.30","20,324.04","13.03B","-7.19%"
"02/01/2003","23,279.07","22,754.44","23,457.20","22,061.43","10.15B","3.31%"
"01/01/2003","22,532.38","24,450.34","24,804.17","21,751.53","10.65B","-4.15%"
"12/01/2002","23,508.44","25,892.47","25,892.47","23,352.27","9.82B","-9.30%"
"11/01/2002","25,919.32","23,266.87","25,926.64","22,937.45","12.76B","10.03%"
"10/01/2002","23,557.25","21,458.71","23,557.25","20,424.09","13.48B","10.71%"
"09/01/2002","21,278.14","25,150.67","25,550.85","21,278.14","10.38B","-16.73%"
"08/01/2002","25,553.29","24,511.35","26,946.62","23,823.22","7.98B","1.02%"
"07/01/2002","25,294.64","28,249.66","28,249.66","23,496.24","12.11B","-9.95%"
"06/01/2002","28,091.05","29,735.72","29,735.72","27,039.35","9.82B","-6.81%"
"05/01/2002","30,143.22","31,880.61","32,129.51","30,143.22","9.65B","-7.18%"
"04/01/2002","32,473.57","33,520.40","33,705.85","32,473.57","8.99B","-3.58%"
"03/01/2002","33,679.01","32,068.50","33,679.01","32,068.50","8.61B","5.84%"
"02/01/2002","31,819.61","32,117.31","32,117.31","30,033.42","7.78B","-1.09%"
"01/01/2002","32,170.99","32,044.10","32,763.95","31,307.18","7.82B","-0.45%"
"12/01/2001","32,317.40","31,592.67","33,364.23","30,997.28","6.64B","1.35%"
"11/01/2001","31,885.49","30,658.10","33,029.93","30,543.41","10.43B","4.22%"
"10/01/2001","30,594.65","28,249.66","31,790.33","28,249.66","10.87B","5.49%"
"09/01/2001","29,001.23","34,303.69","34,303.69","23,896.43","13.00B","-16.29%"
"08/01/2001","34,642.87","36,743.84","36,860.97","34,642.87","6.76B","-5.11%"
"07/01/2001","36,507.15","38,129.85","38,129.85","35,152.86","8.05B","-2.16%"
"06/01/2001","37,314.84","38,747.21","39,183.99","36,402.22","8.10B","-4.31%"
"05/01/2001","38,996.10","41,123.92","41,123.92","38,996.10","8.94B","-5.17%"
"04/01/2001","41,121.48","39,069.31","41,121.48","37,939.52","8.24B","5.45%"
"03/01/2001","38,996.10","39,337.72","40,018.53","35,919.07","10.80B","-2.60%"
"02/01/2001","40,035.61","44,579.17","44,579.17","39,884.32","8.05B","-11.16%"
"01/01/2001","45,067.21","42,758.82","45,067.21","41,746.16","10.05B","3.22%"
"12/01/2000","43,661.68","46,426.37","46,426.37","42,941.83","7.88B","-5.68%"
"11/01/2000","46,289.72","48,046.63","48,437.06","46,289.72","","-2.46%"
"10/01/2000","47,458.56","45,940.78","47,458.56","43,451.82","","4.49%"
"09/01/2000","45,418.59","48,322.37","48,634.71","45,142.85","","-5.64%"
"08/01/2000","48,134.48","46,184.80","48,134.48","45,606.48","","3.94%"
"07/01/2000","46,309.24","46,728.95","48,215.00","45,779.73","","-0.30%"
"06/01/2000","46,448.33","45,999.34","46,772.87","45,372.22","","2.73%"
"05/01/2000","45,213.61","46,167.72","46,567.90","43,100.44","","0.92%"
"04/01/2000","44,801.23","44,218.03","45,274.62","42,651.45","","-1.30%"
"03/01/2000","45,391.75","48,676.19","50,108.56","45,391.75","","-6.37%"
"02/01/2000","48,478.54","42,402.56","48,478.54","42,402.56","","16.92%"
"01/01/2000","41,463.10","41,226.40","42,012.13","38,835.05","","-2.68%"
"12/01/1999","42,605.09","36,834.13","42,605.09","36,773.12","","17.26%"
"11/01/1999","36,333.89","34,059.67","36,594.99","34,059.67","","6.15%"
"10/01/1999","34,228.04","35,255.35","35,540.84","32,873.76","","-2.95%"
"09/01/1999","35,269.99","35,470.08","36,124.04","34,789.28","","0.20%"
"08/01/1999","35,199.22","34,403.73","36,238.73","33,044.57","","3.41%"
"07/01/1999","34,040.15","37,102.54","38,317.74","33,281.26","","-7.29%"
"06/01/1999","36,717.00","36,729.20","37,329.48","36,402.22","","-1.00%"
"05/01/1999","37,087.90","38,735.01","38,735.01","35,928.83","","-4.11%"
"04/01/1999","38,678.88","38,129.85","38,749.65","37,949.28","","0.20%"
"03/01/1999","38,600.80","36,141.12","38,600.80","35,484.72","","6.22%"
"02/01/1999","36,338.77","36,233.85","37,319.72","33,449.63","","1.83%"
"01/01/1999","35,687.25","37,702.82","38,322.62","34,528.18","","0.74%"
"12/01/1998","35,426.16","31,875.73","35,460.32","31,700.04","","6.52%"
"11/01/1998","33,256.86","30,311.59","34,108.47","30,106.62","","12.09%"
"10/01/1998","29,669.83","26,609.88","30,192.03","24,860.29","","6.42%"
"09/01/1998","27,878.76","30,611.73","31,834.25","26,846.58","","-11.59%"
"08/01/1998","31,534.11","36,185.04","36,543.75","31,534.11","","-13.93%"
"07/01/1998","36,636.47","34,330.53","38,766.73","34,330.53","","9.84%"
"06/01/1998","33,354.47","33,852.26","35,450.56","32,595.58","","-3.03%"
"05/01/1998","34,396.41","34,218.28","35,838.54","32,983.56","","4.98%"
"04/01/1998","32,763.95","35,582.33","37,436.84","31,136.37","","-5.16%"
"03/01/1998","34,545.26","29,298.93","34,545.26","29,262.33","","21.03%"
"02/01/1998","28,542.48","27,737.23","28,945.11","27,524.94","","3.60%"
"01/01/1998","27,549.34","24,913.97","27,549.34","24,913.97","","12.90%"